Patient_id,Patient_name,Patient_age,Patient_dob,Patient_gender,Patient_address,Patient_email,Patient_phoneno,Patient_adhaarno,Patient_bloodgroup
1,Sneha k,21,1/3/2001,female,"no-15,chennai",sneha@gmail.com,9123529686,635241529874,o+ve
2,Kuppan T,48,12/12/1966,male,"no-18,thambaram",kuppan@gmail.com,9940507735,896574581236,b+ve
3,Selvi k,46,3/3/1968,female,"no-45,pudhur",selvi@gmail.com,9940249686,745896581235,a+ve
4,Rohini k,32,12/11/1989,female,"no-88,palani",rohini@gmail.com,9025972252,698555224152,o+ve
5,Vinoth k,30,5/15/1991,male,"no-9,theni",vinoth@gmail.com,9789918224,885596582252,ab+ve
6,Swarna k,28,11/8/1993,female,"no-77,thirunelveli",swarna@gmail.com,8122323521,774755886325,b+ve
7,Pranav v,2,6/8/2020,male,"no-90,maduarai",pranav@gmail.com,9942588696,895623985624,a+ve
8,Seetha R,6,11/8/2015,female,"no-66,thrichy",seetha@gmail.com,8056820348,759645622322,o+ve
9,Priyanka G,23,3/5/1999,female,"n0-7,dindugal",priyanka@gmail.com,9789902516,665499878965,o+ve
10,Kavya l,34,5/8/1987,female,"no-55,chennai",kavya@gmail.com,9941027762,777889966554,o+ve
11,Venkata Sai  Krishna,44,8/16/2010,male,"no-23,chennai",venkata@gmail.com,9625969775,642807601551,a+ve
12,Gontu,60,6/17/2007,male,"no-9,theni",gontu@gmail.com,9014537760,657991080536,b+ve
13,Mittadoddi,33,3/23/2009,male,"no-8,ramapuram",mittadoddi@gmail.com,8250214894,376913578720,a+ve
14,Addala ,88,4/3/2008,male,"no-7,palani",addala@gmail.com,7391874542,823187823956,b+ve
15,Bhavana ,39,7/5/2005,female,"no-56,vadapalni",bhavana@gmail.com,9307262449,322830061366,o+ve
16,Partha saradhi reddy,56,5/6/2019,male,"no-4,guindy",partha@gmail.com,8083394115,838821330497,ab+ve
17,Sai krishna,36,9/9/2001,male,"no-678,erode",sai@gmail.com,9152014347,370524300072,ab+ve
18,Revanth,89,12/10/2012,male,"no-77,villupuram",revanth@gmail.com,8613283021,968102135544,a+ve
19,Likhitha,42,6/11/2016,female,"n0-79,dindugal",likhitha@gmail.com,7935977335,483463034474,b+ve
20,Konakalla naga venakata,7,7/10/2001,male,"no-44,kanyakumari",konakalla@gmail.com,9541602423,981357814714,o+ve
21,Sadhvika,6,3/13/2006,female,"no-55,chennai",sadhvika@gmail.com,7543894814,303823926511,o+ve
22,Kanulla,29,1/22/2013,male,"no-90,coimbatore",kanulla@gmail.com,7855165902,553854506011,o+ve
23,Sri krishna ,10,8/20/2006,male,"no-7,cuddalore",sri@gmail.com,8289849933,342734675557,o+ve
24,Mani harsha,70,12/11/2002,male,"no-8,annanagar",mani@gmail.com,9525833784,939782903769,o+ve
25,Lakshmi harika,64,2/24/2009,female,"no-6,nandanam",lakshmi@gmail.com,8581963165,876913278083,o+ve
26,Medarametla,28,10/22/2019,female,"no-88,saidapet",medarametla@gmail.com,9353391054,598002962713,o+ve
27,Namrata,67,8/16/2009,female,"no-999,korattur",namrata@gmail.com,8737189144,639492311025,ab+ve
28,Rushya ,69,2/13/2007,female,"no-4,tnagar",rushya@gmail.com,8533202715,857821558522,a+ve
29,Sarayu,61,5/12/2008,female,"no-56,adyar",sarayu@gmail.com,8264165209,683089321481,a+ve
30,Bhavana ,24,8/17/2005,female,"no-678,kolathur",bhavana@gmail.com,9061996604,277360750920,b+ve
31,Narra,82,7/3/2006,male,"no-23,koyambedu",narra@gmail.com,8214851589,831296186543,b+ve
32,Venkata vindhyavasini,86,9/3/2016,female,"no-45,tnagar",venkata@gmail.com,7910245600,774064022935,o+ve
33,Priyadarshi,21,7/30/2006,female,"no-99,tnagar",a@gmail.com,6866315983,283975877577,o+ve
34,Nitish,43,11/22/2012,male,"no-678,tnagar",nitish@gmail.com,9207083503,635347480751,o+ve
35,Prudhvi,89,3/5/2002,female,"no-100,kodambakam",prudhvi@gmail.com,8465066188,529319347811,o+ve
36,Yashveer,58,8/11/2005,male,"no-11,kodambakam",yashveer@gmail.com,7879057910,927762165874,o+ve
37,Vajinepalli,13,3/30/2005,female,"no-67,kodambakam",vajinepalli@gmail.com,7573470388,887884665111,o+ve
38,Sher mohammad imam,64,6/2/2009,male,"no-11,virugambakam",sher@gmail.com,9974334131,891949748931,o+ve
39,Venkata sai sri ganesh,6,7/26/2005,male,"no-435,kolathur",venkata@gmail.com,7862330212,677121927246,o+ve
40,Anurag,28,9/30/2001,male,"no-55,ambathur",anurag@gmail.com,9913999592,654640545667,b+ve
41,Priyanshu,75,10/21/2005,female,"no-34,aynavaram",priyanshu@gmail.com,7742331698,892543136661,b+ve
42,Vedasri,24,3/18/2019,male,"no-66,kolathur",vedasri@gmail.com,9981086538,299356049523,b+ve
43,Veda gayathri,73,9/11/2016,female,"no-11,aynavaram",veda@gmail.com,8889311308,360767677209,b+ve
44,Prabhu ,80,2/10/2015,male,"no-123,aynavaram",prabhu@gmail.com,6825735578,538487796221,b+ve
45,Shivani ,2,4/20/2018,female,"no-01,tnagar",shivani@gmail.com,7567461756,963735197661,b+ve
46,Prannoy,22,4/26/2007,male,"no-02,tnagar",prannoy@gmail.com,8186699958,491474257257,b+ve
47,Epperla,85,4/21/2002,male,"no-11,adyar",epperla@gmail.com,9220643816,855835644231,b+ve
48,Vegiraju ,51,12/22/2013,male,"no-02,kodambakam",vegiraju@gmail.com,6895833241,775151270867,a+ve
49,Shiva chaitanya ,34,9/24/2002,male,"no-18,adyar",shiva@gmail.com,7858788219,938055248461,a+ve
50,Mouna shivshankar ,5,10/18/2008,male,"no-89,thambaram",mouna@gmail.com,7720064085,433526634961,ab+ve
51,Taruni ,85,11/27/2008,female,"no-89,kolathur",taruni@gmail.com,7681170140,533038852230,ab+ve
52,Nadimpalli,62,6/7/2014,male,"no-12,thambaram",nadimpalli@gmail.com,9672442558,702014348668,ab+ve
53,Partha koundinya,52,4/18/2002,female,"no-144,alwarpet",partha@gmail.com,8746013783,504838552945,a+ve
54,Annapragada,57,4/11/2016,female,"no-99,ambathur",annapragada@gmail.com,7687760842,794822708008,b+ve
55,Venkata lalith siddhartha,13,6/21/2018,male,"no-2,adyar",venkata@gmail.com,8860828784,777142732578,b+ve
56,Augusthi,27,2/18/2009,male,"no-12,redhills",augusthi@gmail.com,9119592427,685389699213,o+ve
57,Ayesha sameer,75,2/26/2001,male,"no-7,kolathur",ayesha@gmail.com,8249686621,704263765837,o+ve
58,Manideepak,49,4/14/2011,male,"no-88,kolathur",manideepak@gmail.com,7370928682,687418790597,o+ve
59,Mylapilli,17,2/9/2008,male,"no-12,redhills",mylapilli@gmail.com,9615465341,369695514027,o+ve
60,Girija shankar,8,6/18/2013,male,"no-13,adyar",girija@gmail.com,6965656849,269936090967,o+ve
61,Kavyasri,2,11/25/2009,female,"no-679,kolathur",kavyasri@gmail.com,8101322604,447380890549,o+ve
62,Charith,83,9/28/2002,male,"no-99,kolathur",charith@gmail.com,8727360555,943193759391,o+ve
63,Raghavendra,26,2/16/2019,male,"no-13,adyar",raghavendra@gmail.com,7169684629,604629324145,o+ve
64,Manikanta ,18,1/26/2012,female,"no-13,redhills",manikanta@gmail.com,7470308771,890317597550,o+ve
65,Taraka sai tanishq,66,11/23/2005,male,"no-687,kolathur",taraka@gmail.com,7805172806,886483671671,o+ve
66,Sahitha,85,8/25/2005,female,"no-345,vilivakkam",sahitha@gmail.com,8562769280,724134715147,b+ve
67,Sahithi,41,10/15/2014,female,"no-33,kolathur",sahithi@gmail.com,7170885983,650813300336,a+ve
68,Tanmai,46,12/22/2005,female,"no-55,kolathur",tanmai@gmail.com,6982033423,451973889560,a+ve
69,Sandeep,50,9/23/2016,male,"no-23,vilivakkam",sandeep@gmail.com,8731213581,910399153210,ab+ve
70,Harinath,23,9/24/2014,male,"no-345,kolathur",harinath@gmail.com,8735330897,828830970112,ab+ve
71,Manvitha pradeepthi,69,5/9/2016,male,"no-13,kolathur",manvitha@gmail.com,9317680375,708622693564,ab+ve
72,Lakshmi sashrika,44,4/9/2018,female,"no-234,villivakam",lakshmi@gmail.com,7743966851,708314385298,o+ve
73,Jahnavi,81,8/9/2001,female,"no-123,virugabakam",jahnavi@gmail.com,9702760479,831917088000,o+ve
74,Sumanth,8,8/11/2019,male,"no-567,kolathur",j@gmail.com,9423506023,719810962346,o+ve
75,Raghu,63,6/23/2016,male,"no-20,kolathur",raghu@gmail.com,8517395253,424243065486,o+ve
76,Guggilam,25,3/27/2016,male,"no-12,saidapet",guggilam@gmail.com,8438833933,916977244097,o+ve
77,Sai priya,24,7/23/2013,female,"no-12,saidapet",sai@gmail.com,8426216678,576118214603,a+ve
78,Sai sudha mai,44,3/24/2002,male,"no-25,kolathur",sai@gmail.com,8128965915,391113428741,a+ve
79,Priyanka ,18,2/13/2017,female,"no-123,egmore",priyanka@gmail.com,9164174348,606701959354,b+ve
80,Anisha,28,5/16/2003,female,"no-134,egmore",anisha@gmail.com,8019494145,278117794139,b+ve
81,Rohan,77,3/25/2014,male,"no-56,tnagar",rohan@gmail.com,8654803718,516786190776,a+ve
82,Subhaluxmi,61,1/2/2008,female,"no-22,vadapalani",subhaluxmi@gmail.com,9029307293,364587566391,ab+ve
83,Arpit,2,7/5/2019,male,"n0-90,tnagar",arpit@gmail.com,6889246290,760001522225,ab+ve
84,Anirudh,9,10/5/2005,male,"no-788,tnagar",anirudh@gmail.com,8610769229,773573442674,ab+ve
85,Sai satyaprakash,43,6/22/2006,male,"no-345,vadapalani",sai@gmail.com,9873811621,610367223205,o+ve
86,Jay,76,2/9/2013,male,"no-789,tnagar",jay@gmail.com,9279496513,822978138293,o+ve
87,Mohit,40,11/3/2006,male,"no-234,villivakam",mohit@gmail.com,8307633600,375780335418,o+ve
88,Mahek,61,4/30/2015,male,"no-89,tnagar",mahek@gmail.com,7715263902,559611452193,o+ve
89,Ram prasad,9,1/28/2006,male,"no-120,kodambakam",ram@gmail.com,7591316576,499597331957,a+ve
90,Kanipakam,89,4/26/2011,male,"no-23,arumbakkam",kanipakam@gmail.com,9894026340,710928934464,b+ve
91,Swasti,14,11/13/2009,female,"no-3,arumbakkam",swasti@gmail.com,6903137030,739483579704,b+ve
92,Pushkar ,19,7/25/2004,male,"no-567,tnagar",pushkar@gmail.com,6890147993,502912384334,b+ve
93,Mitrajsinh,56,4/3/2001,male,"no-78,sowcarpet",mitrajsinh@gmail.com,8616492408,311978471390,b+ve
94,Amitesh,68,3/12/2013,male,"no-6,nandanam",amitesh@gmail.com,8766345761,923876841751,ab+ve
95,Anika,42,2/28/2015,female,"no-890,tnagar",anika@gmail.com,9890985536,852936180918,ab+ve
96,Ronak ,14,11/28/2011,male,"no-34,nanganallur",ronak@gmail.com,9920438765,300094419332,ab+ve
97,Pranav kumar,56,7/11/2006,male,"no-678,kolathur",pranav@gmail.com,8721554598,817605297064,ab+ve
98,Ritwik,18,7/7/2009,male,"no-100,kolathur",ritwik@gmail.com,6825344277,842631813790,o+ve
99,Poorav ,77,7/6/2006,male,"no-101,kolathur",poorav@gmail.com,9802133950,276596992249,o+ve
100,Rishika ,52,12/17/2013,female,"no-90,kolathur",rishika@gmail.com,7369020321,562040337186,o+ve
